name,age,gender,zip
Gordan E Acost,83,M,73188
Leonis R Cherd,5,M,18107
Bennor F Quintes,32,M,60519
Amine G Acoster,9,F,38492
Ellin L Marton,32,M,52050
Alaire L Lowers,56,F,12328
Elissa R Osbornes,58,F,14207
Calvatore P Gilber,24,M,32581
Grahir I Nichann,59,M,15480
Aalia P Hayders,29,F,12221
Corbyn G Glasquez,84,M,55514
Ellia I Herren,26,F,16933
Dalter M Martler,95,M,61567
Patric Z Fordovak,17,M,10646
Nick T Villin,95,M,63374
Becken M Groster,17,M,27580
Beatric G Sweenez,98,F,58519
Alissa Z Harmond,74,F,72112
Sienne L Corters,65,F,43604
Laina K Maynes,33,F,73551
